"RA","Dec"
-1.40582722061005,-27.1743564839844
-1.41453005790643,-27.1743396849705
-1.41325845847454,-27.2075877777701
-1.40679169732913,-27.2065612009926
