"RA","Dec"
171.987946421954,3.05594619589531
171.978259111519,3.05587794439669
171.981379623219,3.0133849159075
171.988151383272,3.01484012058722
