,RA,Dec
0,215.3041505,3.2890854
1,215.2910461,3.2889148
2,215.293469,3.2819991
3,215.2908136,3.2735113
4,215.3031537,3.2740022
5,215.3046537,3.2815025
