"RA","Dec"
221.565656624697,2.09135654459015
221.555374733671,2.09089447538885
221.557268639995,2.05775696276081
221.560993293808,2.01391617449909
221.563981597933,2.05414290353007
