"RA","Dec"
32.4333040880081,-29.1671337221072
32.4233921947642,-29.166911095969
32.4282712696814,-29.0828647578989
