"RA","Dec"
52.2329490185733,-33.7580098039765
52.2259926982569,-33.7584468632028
52.227343681154,-33.811115271408
52.2326744172575,-33.8102257807211
